{"regions":{"do":[{"k":"f","d":1,"m":1,"c":null,"n":"Año nuevo","p":true},{"k":"f","d":9,"m":1,"c":"year>2023","n":"Día de Reyes","p":true},{"k":"f","d":21,"m":1,"c":null,"n":"Virgen de la Altagracia","p":true},{"k":"r","raw":"(([january 26] == [tuesday   after ([january 25])] ||","c":null,"n":"Día padre de la patría Juan Pablo Duarte","p":true},{"k":"r","raw":"(([january 26] == [tuesday   after ([january 25])] ||","c":null,"n":"Día padre de la patría Juan Pablo Duarte","p":false},{"k":"r","raw":"(([january 26] == [saturday after ([january 26])] ||","c":null,"n":"Día padre de la patría Juan Pablo Duarte","p":true},{"k":"f","d":27,"m":2,"c":null,"n":"Independencia Nacional","p":true},{"k":"e","o":-2,"c":null,"n":"Viernes Santo","p":true},{"k":"f","d":1,"m":5,"c":null,"n":"Día del Trabajo","p":true},{"k":"r","raw":"(([may 1] == [saturday after ([may 1])]) ?","c":null,"n":"Día del Trabajo","p":true},{"k":"r","raw":"(([may 1] == [sunday   after ([may 1])]) ?","c":null,"n":"Día del Trabajo","p":true},{"k":"e","o":60,"c":null,"n":"Jueves Corpus Cristi","p":true},{"k":"f","d":16,"m":8,"c":null,"n":"Día de la Restauración","p":true},{"k":"f","d":24,"m":9,"c":null,"n":"Virgen de las Mercedes","p":true},{"k":"r","raw":"(([november 6] == [tuesday   after ([november 5])] ||","c":null,"n":"Día de la Constitución","p":true},{"k":"f","d":25,"m":12,"c":null,"n":"Día de Navidad","p":true},{"k":"r","raw":"second sunday in may","c":null,"n":"Día de las madres","p":false},{"k":"r","raw":"third sunday in june","c":null,"n":"Día de los padres","p":false},{"k":"f","d":24,"m":12,"c":null,"n":"Laborable hasta el mediodía","p":true},{"k":"f","d":31,"m":12,"c":null,"n":"Fin de año","p":false}],"cl":[{"k":"f","d":1,"m":1,"c":null,"n":"Año Nuevo","p":true},{"k":"e","o":-2,"c":null,"n":"Viernes Santo","p":true},{"k":"e","o":-1,"c":null,"n":"Sabado Santo","p":true},{"k":"f","d":1,"m":5,"c":null,"n":"Día Nacional del Trabajador","p":true},{"k":"f","d":21,"m":5,"c":null,"n":"Día de las Glorias Navales","p":true},{"k":"r","raw":"(([6/29] == [tuesday after ([6/28])] ||","c":null,"n":"San Pedro y San Pablo","p":true},{"k":"f","d":16,"m":7,"c":null,"n":"Virgen del Carmen","p":true},{"k":"f","d":15,"m":8,"c":null,"n":"Asunción de la Virgen","p":true},{"k":"f","d":18,"m":9,"c":null,"n":"Día de la Independencia","p":true},{"k":"f","d":19,"m":9,"c":null,"n":"Día de las Glorias del Ejército","p":true},{"k":"r","raw":"(([9/17] == [monday after ([9/16])]) ? ([9/17]) :","c":null,"n":"Sandwich Dieciochero","p":true},{"k":"r","raw":"(([10/12] == [tuesday after ([10/11])] ||","c":null,"n":"Día de la Raza","p":true},{"k":"r","raw":"(([10/31] == [tuesday after ([10/30])]) ?","c":null,"n":"Día Nacional de las Iglesias Evangélicas y Protestantes","p":true},{"k":"f","d":1,"m":11,"c":null,"n":"Día de Todos los Santos","p":true},{"k":"f","d":8,"m":12,"c":null,"n":"Inmaculada Concepción de la Virgen","p":true},{"k":"f","d":25,"m":12,"c":null,"n":"Navidad","p":true},{"k":"f","d":31,"m":12,"c":null,"n":"Feriado Bancario de Fin de año","p":true},{"k":"f","d":13,"m":12,"c":null,"n":"Elecciones Prescidenciales","p":true}],"pe":[{"k":"f","d":1,"m":1,"c":null,"n":"Año Nuevo","p":true},{"k":"f","d":1,"m":5,"c":null,"n":"Día del Trabajo","p":true},{"k":"f","d":7,"m":6,"c":null,"n":"Batalla de Arica y Día de la Bandera","p":true},{"k":"f","d":23,"m":7,"c":null,"n":"Día de la Fuerza Aérea","p":true},{"k":"f","d":28,"m":7,"c":null,"n":"Día de la Independencia","p":true},{"k":"f","d":29,"m":7,"c":null,"n":"Fiestas Patrias","p":true},{"k":"f","d":6,"m":8,"c":null,"n":"Batalla de Junín","p":true},{"k":"f","d":8,"m":10,"c":null,"n":"Combate de Angamos","p":true},{"k":"f","d":9,"m":12,"c":null,"n":"Batalla de Ayacucho","p":true},{"k":"e","o":-3,"c":null,"n":"Jueves Santo","p":true},{"k":"e","o":-2,"c":null,"n":"Viernes Santo","p":true},{"k":"e","o":0,"c":null,"n":"Pascua","p":true},{"k":"f","d":29,"m":6,"c":null,"n":"Día de San Pedro y San Pablo","p":true},{"k":"f","d":1,"m":11,"c":null,"n":"Día de Todos los Santos","p":true},{"k":"f","d":30,"m":8,"c":null,"n":"Día de Santa Rosa de Lima","p":true},{"k":"f","d":8,"m":12,"c":null,"n":"Inmaculada Concepción","p":true},{"k":"f","d":25,"m":12,"c":null,"n":"Navidad","p":true}],"uy":[{"k":"f","d":1,"m":1,"c":null,"n":"Año nuevo","p":true},{"k":"f","d":18,"m":7,"c":null,"n":"Jura de la constituación","p":true},{"k":"f","d":25,"m":8,"c":null,"n":"Declaratoria de Independencia","p":true},{"k":"f","d":1,"m":5,"c":null,"n":"Día del Trabajo","p":true},{"k":"f","d":2,"m":11,"c":null,"n":"Día de los difuntos","p":true},{"k":"f","d":25,"m":12,"c":null,"n":"Navidad","p":true},{"k":"e","o":-48,"c":null,"n":"Carnaval","p":false},{"k":"e","o":-3,"c":null,"n":"Jueves santo","p":false},{"k":"e","o":-2,"c":null,"n":"Viernes santo","p":false},{"k":"e","o":-1,"c":null,"n":"Sábado de gloria","p":false},{"k":"e","o":0,"c":null,"n":"Domingo de Pascua","p":false},{"k":"f","d":6,"m":1,"c":null,"n":"Día de Reyes","p":false},{"k":"f","d":19,"m":4,"c":null,"n":"Desembarco 33 Orientales","p":false},{"k":"f","d":18,"m":5,"c":null,"n":"Batalla de las Piedras","p":false},{"k":"f","d":19,"m":6,"c":null,"n":"Natalicio de Artigas","p":false},{"k":"f","d":18,"m":10,"c":null,"n":"Día de las Américas","p":false}],"es":[{"k":"f","d":1,"m":1,"c":null,"n":"Año nuevo","p":true},{"k":"e","o":-2,"c":null,"n":"Viernes Santo","p":true},{"k":"f","d":1,"m":5,"c":null,"n":"Fiesta del Trabajo","p":true},{"k":"f","d":15,"m":8,"c":null,"n":"Asunción de la Virgen","p":true},{"k":"f","d":12,"m":10,"c":null,"n":"Fiesta Nacional de España","p":true},{"k":"f","d":1,"m":11,"c":null,"n":"Todos los Santos","p":true},{"k":"f","d":6,"m":12,"c":null,"n":"Día de la Constitución Española","p":true},{"k":"f","d":8,"m":12,"c":null,"n":"La Inmaculada Concepción","p":true},{"k":"f","d":25,"m":12,"c":null,"n":"Natividad del Señor","p":true},{"k":"f","d":28,"m":2,"c":null,"n":"Día de Andalucía","p":false},{"k":"f","d":1,"m":3,"c":null,"n":"Día de las Islas Baleares","p":false},{"k":"f","d":19,"m":3,"c":null,"n":"San José","p":false},{"k":"f","d":23,"m":4,"c":null,"n":"Sant Jordi","p":false},{"k":"f","d":23,"m":4,"c":null,"n":"Fiesta de la Comunidad de Castilla y León","p":false},{"k":"f","d":23,"m":4,"c":null,"n":"Día de Aragón","p":false},{"k":"f","d":2,"m":5,"c":null,"n":"Fiesta de la Comunidad de Madrid","p":false},{"k":"f","d":17,"m":5,"c":null,"n":"Día de las Letras Gallegas","p":false},{"k":"f","d":30,"m":5,"c":null,"n":"Día de Canarias","p":false},{"k":"f","d":31,"m":5,"c":null,"n":"Día de la Región de Castilla y la Mancha","p":false},{"k":"f","d":9,"m":6,"c":null,"n":"Día de la Región de Murcia","p":false},{"k":"f","d":9,"m":6,"c":null,"n":"Día de la Rioja","p":false},{"k":"f","d":24,"m":6,"c":null,"n":"San Juan","p":false},{"k":"f","d":25,"m":7,"c":null,"n":"Santiago Apóstol","p":false},{"k":"f","d":28,"m":7,"c":null,"n":"Día de las Instituciones","p":false},{"k":"f","d":2,"m":9,"c":null,"n":"Día de la Ciudad Autónoma de Ceuta","p":false},{"k":"f","d":8,"m":9,"c":null,"n":"Día de Asturias","p":false},{"k":"f","d":8,"m":9,"c":null,"n":"Día de Extremadura","p":false},{"k":"f","d":11,"m":9,"c":null,"n":"Diada de Cataluña","p":false},{"k":"f","d":15,"m":9,"c":null,"n":"Ntra. Sra. de la Bien Aparecida","p":false},{"k":"f","d":6,"m":1,"c":null,"n":"Epifanía del Señor","p":true},{"k":"e","o":-3,"c":null,"n":"Jueves Santo","p":false},{"k":"e","o":1,"c":null,"n":"Lunes de Pascua","p":false},{"k":"e","o":50,"c":null,"n":"Pentecostes / 2º Pascua","p":false},{"k":"f","d":26,"m":12,"c":null,"n":"San Esteban","p":false},{"k":"r","raw":"last sunday in march","c":null,"n":"Adelanto horario","p":false},{"k":"r","raw":"last sunday in october","c":null,"n":"Retraso horario","p":false}],"cr":[{"k":"f","d":1,"m":1,"c":null,"n":"Año Nuevo","p":true},{"k":"f","d":11,"m":4,"c":null,"n":"Día de Juan Santamaría","p":true},{"k":"f","d":1,"m":5,"c":null,"n":"Día Internacional del Trabajo","p":true},{"k":"f","d":25,"m":7,"c":null,"n":"Anexión del Partido de Nicoya a Costa Rica","p":true},{"k":"f","d":15,"m":8,"c":null,"n":"Día de la Madre","p":true},{"k":"f","d":15,"m":9,"c":null,"n":"Conmemoración de la Independencia de Costa Rica","p":true},{"k":"f","d":19,"m":3,"c":null,"n":"Día de San José","p":false},{"k":"e","o":-3,"c":null,"n":"Jueves Santo","p":true},{"k":"e","o":-2,"c":null,"n":"Viernes Santo","p":true},{"k":"e","o":0,"c":null,"n":"Pascua","p":true},{"k":"f","d":2,"m":8,"c":null,"n":"día de la Virgen de los Ángeles","p":false},{"k":"f","d":25,"m":12,"c":null,"n":"Navidad","p":true},{"k":"f","d":12,"m":10,"c":null,"n":"Día de las Culturas","p":false}],"pa":[{"k":"f","d":1,"m":1,"c":null,"n":"Año nuevo","p":true},{"k":"f","d":9,"m":1,"c":null,"n":"Día de los Martires","p":true},{"k":"e","o":-47,"c":null,"n":"Martes Carnaval","p":true},{"k":"e","o":-2,"c":null,"n":"Viernes Santo","p":true},{"k":"f","d":1,"m":5,"c":null,"n":"Día del Trabajo","p":true},{"k":"f","d":15,"m":8,"c":null,"n":"Fundación Panama Vieja","p":true},{"k":"f","d":3,"m":11,"c":null,"n":"Separación Panamá-Colombia","p":true},{"k":"f","d":5,"m":11,"c":null,"n":"Día de Colón","p":true},{"k":"f","d":10,"m":11,"c":null,"n":"Grito en La Villa, Los Santos","p":true},{"k":"f","d":28,"m":11,"c":null,"n":"Independencia Panamá-España","p":true},{"k":"f","d":8,"m":12,"c":null,"n":"Día de la Madre","p":true},{"k":"f","d":25,"m":12,"c":null,"n":"Navidad","p":true},{"k":"f","d":6,"m":1,"c":null,"n":"Epifanía/Día de Reyes","p":false},{"k":"f","d":19,"m":3,"c":null,"n":"San José","p":false},{"k":"e","o":-46,"c":null,"n":"Miércoles de Cenizas","p":true},{"k":"e","o":-3,"c":null,"n":"Jueves Santo","p":false},{"k":"e","o":-7,"c":null,"n":"Domingo de Ramos","p":false},{"k":"e","o":0,"c":null,"n":"Domingo de Pascua","p":false},{"k":"e","o":39,"c":null,"n":"Ascensión de Jesús","p":false},{"k":"e","o":50,"c":null,"n":"Lunes Penteconstés","p":false},{"k":"e","o":56,"c":null,"n":"Santísima Trinidad","p":false},{"k":"e","o":60,"c":null,"n":"Corpus Christi","p":false},{"k":"e","o":71,"c":null,"n":"Sagrado Corazón","p":false},{"k":"f","d":29,"m":6,"c":null,"n":"San Pedro y San Pablo","p":false},{"k":"f","d":15,"m":8,"c":null,"n":"Asunción de la Virgen","p":false},{"k":"f","d":4,"m":10,"c":null,"n":"San Francisco de Asís","p":false},{"k":"f","d":1,"m":11,"c":null,"n":"Todos los Santos","p":false},{"k":"f","d":12,"m":10,"c":null,"n":"Día de la Raza","p":false},{"k":"f","d":17,"m":5,"c":null,"n":"Día Internacional de Internet","p":false},{"k":"f","d":24,"m":12,"c":null,"n":"Víspera de Navidad","p":false}],"ve":[{"k":"f","d":1,"m":1,"c":null,"n":"Año Nuevo","p":true},{"k":"e","o":-48,"c":null,"n":"Lunes de Carnaval","p":true},{"k":"e","o":-47,"c":null,"n":"Martes de Carnaval","p":true},{"k":"e","o":-3,"c":null,"n":"Jueves Santo","p":true},{"k":"e","o":-2,"c":null,"n":"Viernes Santo","p":true},{"k":"f","d":19,"m":4,"c":null,"n":"Declaración de la Independencia","p":true},{"k":"f","d":1,"m":5,"c":null,"n":"Día del Trabajador","p":true},{"k":"f","d":24,"m":6,"c":null,"n":"Batalla de Carabobo","p":true},{"k":"f","d":5,"m":7,"c":null,"n":"Día de la Independencia","p":true},{"k":"f","d":24,"m":7,"c":null,"n":"Natalicio de Simón Bolívar","p":true},{"k":"f","d":12,"m":10,"c":null,"n":"Día de la Resistencia Indígena","p":true},{"k":"f","d":24,"m":12,"c":null,"n":"Nochebuena","p":true},{"k":"f","d":25,"m":12,"c":null,"n":"Navidad","p":true},{"k":"f","d":31,"m":12,"c":null,"n":"Fin de Año","p":true}],"pr":[{"k":"f","d":1,"m":1,"c":null,"n":"Año Nuevo","p":true},{"k":"f","d":2,"m":3,"c":null,"n":"Día de la ciudadanía americana","p":true},{"k":"f","d":22,"m":3,"c":null,"n":"Día de la abolición de la esclavitud","p":true},{"k":"f","d":25,"m":7,"c":null,"n":"Día de la constitución de Puerto Rico","p":true},{"k":"f","d":27,"m":7,"c":null,"n":"Natalicio de José Celso Barbosa","p":true},{"k":"f","d":19,"m":11,"c":null,"n":"Día de la Puertorriqueñidad","p":true},{"k":"r","raw":"third monday in january","c":null,"n":"Natalicio de Martin Luther King","p":true},{"k":"r","raw":"third monday in february","c":null,"n":"Día de los presidentes y las mujeres y hombres procéres de Puerto Rico","p":true},{"k":"r","raw":"last monday in may","c":null,"n":"Día de la conmemoración de los muertos en la guerra","p":true},{"k":"f","d":19,"m":6,"c":null,"n":"Juneteenth","p":true},{"k":"r","raw":"(([june 19] == [saturday after ([june 19])]) ?","c":null,"n":"Juneteenth","p":true},{"k":"r","raw":"(([june 19] == [sunday   after ([june 19])]) ?","c":null,"n":"Juneteenth","p":true},{"k":"f","d":4,"m":7,"c":null,"n":"Día de la independencia de los Estados Unidos","p":true},{"k":"r","raw":"first monday in september","c":null,"n":"Día del trabajo","p":true},{"k":"r","raw":"second monday in october","c":null,"n":"Día de la raza","p":true},{"k":"f","d":11,"m":11,"c":null,"n":"Día del veterano","p":true},{"k":"r","raw":"fourth thursday in november","c":null,"n":"Día de acción de gracias","p":true},{"k":"f","d":11,"m":1,"c":null,"n":"Natalicio de Eugenio María de Hostos","p":false},{"k":"f","d":14,"m":2,"c":null,"n":"Día de San Valentín","p":false},{"k":"f","d":18,"m":2,"c":null,"n":"Natalicio de Luis Muñoz Marín","p":false},{"k":"f","d":16,"m":4,"c":null,"n":"Natalicio de José de Diego","p":false},{"k":"r","raw":"second sunday in may","c":null,"n":"Día de las Madres","p":false},{"k":"r","raw":"third sunday in june","c":null,"n":"Día de los Padres","p":false},{"k":"f","d":31,"m":10,"c":null,"n":"Noche de brujas","p":false},{"k":"f","d":31,"m":12,"c":null,"n":"Vispera de año nuevo","p":false},{"k":"e","o":-46,"c":null,"n":"Miércoles de ceniza","p":false},{"k":"e","o":-7,"c":null,"n":"Domingo de Ramos","p":false},{"k":"e","o":-3,"c":null,"n":"Jueves Santo","p":false},{"k":"e","o":-2,"c":null,"n":"Viernes Santo","p":true},{"k":"e","o":-1,"c":null,"n":"Sábado de Gloria","p":false},{"k":"e","o":0,"c":null,"n":"Domingo de Pascua","p":false},{"k":"f","d":24,"m":12,"c":null,"n":"Noche buena","p":false},{"k":"f","d":25,"m":12,"c":null,"n":"Navidad","p":true},{"k":"f","d":23,"m":9,"c":null,"n":"Grito de Lares","p":false}],"mx":[{"k":"f","d":1,"m":1,"c":null,"n":"Año Nuevo","p":true},{"k":"r","raw":"first monday in february","c":null,"n":"Descanso por el Día de la Constitución","p":true},{"k":"r","raw":"third monday in march","c":null,"n":"Descanso por el Natalicio de Benito Juárez","p":true},{"k":"f","d":1,"m":5,"c":null,"n":"Día del trabajo","p":true},{"k":"f","d":16,"m":9,"c":null,"n":"Día de la Independencia","p":true},{"k":"r","raw":"third monday in november","c":null,"n":"Descanso por el día de la Revolución Mexicana","p":true},{"k":"f","d":25,"m":12,"c":null,"n":"Navidad","p":true},{"k":"f","d":5,"m":2,"c":null,"n":"Día de la Constitución","p":true},{"k":"f","d":21,"m":3,"c":null,"n":"Natalicio de Benito Juárez","p":true},{"k":"f","d":5,"m":5,"c":null,"n":"Día de la Batalla de Puebla","p":true},{"k":"f","d":2,"m":11,"c":null,"n":"Día de Muertos","p":true},{"k":"f","d":20,"m":11,"c":null,"n":"Día de la Revolución Mexicana","p":true},{"k":"f","d":24,"m":2,"c":null,"n":"Día de la Bandera Nacional","p":false},{"k":"f","d":8,"m":3,"c":null,"n":"Día Internacional de la mujer","p":false},{"k":"f","d":18,"m":3,"c":null,"n":"Día de la Expropiación Petrolera","p":false},{"k":"f","d":27,"m":9,"c":null,"n":"Día de la Consumación de la Indenpendencia","p":false},{"k":"f","d":12,"m":10,"c":null,"n":"Día de la Raza","p":false},{"k":"f","d":14,"m":2,"c":null,"n":"Día del Amor y la Amistad","p":false},{"k":"r","raw":"first sunday in march","c":null,"n":"Día de la Familia","p":false},{"k":"f","d":10,"m":5,"c":null,"n":"Día de la Madre","p":false},{"k":"r","raw":"third sunday in june","c":null,"n":"Día del Padre","p":false},{"k":"f","d":28,"m":12,"c":null,"n":"Día de los Santos Inocentes","p":false},{"k":"f","d":6,"m":1,"c":null,"n":"Día de los Reyes Magos","p":false},{"k":"f","d":2,"m":2,"c":null,"n":"Día de la Candelaria","p":false},{"k":"e","o":0,"c":null,"n":"Domingo de Pascua","p":false},{"k":"e","o":-1,"c":null,"n":"Sábado de Gloria","p":false},{"k":"e","o":-2,"c":null,"n":"Viernes Santo","p":false},{"k":"e","o":-3,"c":null,"n":"Jueves Santo","p":false},{"k":"f","d":1,"m":11,"c":null,"n":"Día de Todos los Santos","p":false},{"k":"f","d":12,"m":12,"c":null,"n":"Día de la Vírgen de Guadalupe","p":false},{"k":"f","d":24,"m":12,"c":null,"n":"Noche buena","p":false},{"k":"f","d":30,"m":4,"c":null,"n":"Día del niño","p":false},{"k":"f","d":15,"m":5,"c":null,"n":"Día del maestro","p":false},{"k":"f","d":23,"m":5,"c":null,"n":"Día del estudiante","p":false},{"k":"r","raw":"first sunday in april","c":null,"n":"Inicio del horario de verano","p":false},{"k":"r","raw":"last sunday in october","c":null,"n":"Fin del horario de verano","p":false},{"k":"r","raw":"second sunday in march","c":null,"n":"Inicio del horario de verano en la franja fronteriza","p":false},{"k":"r","raw":"first sunday in november","c":null,"n":"Fin del horario de verano en la franja fronteriza","p":false}],"ni":[{"k":"f","d":1,"m":1,"c":null,"n":"Año nuevo","p":true},{"k":"f","d":1,"m":5,"c":null,"n":"Día del Trabajador","p":true},{"k":"f","d":19,"m":7,"c":null,"n":"Día de la Liberación Nacional","p":true},{"k":"f","d":14,"m":9,"c":null,"n":"Batalla de San Jacinto","p":true},{"k":"f","d":15,"m":9,"c":null,"n":"Día de la Independencia","p":true},{"k":"f","d":24,"m":12,"c":null,"n":"Navidad","p":true},{"k":"f","d":9,"m":4,"c":null,"n":"Jueves Santo","p":false},{"k":"f","d":10,"m":4,"c":null,"n":"Viernes Santo","p":false},{"k":"f","d":12,"m":4,"c":null,"n":"Domingo de Resurrección","p":false},{"k":"f","d":8,"m":12,"c":null,"n":"La Concepción de María","p":false}],"ar":[{"k":"f","d":1,"m":1,"c":null,"n":"Año Nuevo","p":true},{"k":"e","o":-48,"c":null,"n":"Lunes de Carnaval","p":true},{"k":"e","o":-47,"c":null,"n":"Martes de Carnaval","p":true},{"k":"f","d":24,"m":3,"c":null,"n":"Día Nacional de la Memoria","p":true},{"k":"e","o":-2,"c":null,"n":"Viernes Santo","p":true},{"k":"f","d":2,"m":4,"c":null,"n":"Día de los Caídos en Malvinas","p":true},{"k":"f","d":1,"m":5,"c":null,"n":"Día del Trabajo","p":true},{"k":"f","d":25,"m":5,"c":null,"n":"Revolución de Mayo","p":true},{"k":"f","d":20,"m":6,"c":null,"n":"Día de Manuel Belgrano","p":true},{"k":"f","d":9,"m":7,"c":null,"n":"Día de la Independencia","p":true},{"k":"r","raw":"(third + (year == 2011)) monday in august","c":null,"n":"Día de San Martín","p":true},{"k":"r","raw":"second monday in october","c":null,"n":"Día de la Raza","p":true},{"k":"r","raw":"fourth monday in november","c":null,"n":"Día de la Soberanía","p":true},{"k":"f","d":8,"m":12,"c":null,"n":"Inmaculada Concepción de María","p":true},{"k":"f","d":25,"m":12,"c":null,"n":"Navidad","p":true},{"k":"f","d":27,"m":10,"c":null,"n":"Censo Nacional","p":true},{"k":"f","d":27,"m":2,"c":null,"n":"Bicentenario de la Bandera","p":true},{"k":"f","d":24,"m":9,"c":null,"n":"Bicentenario Batalla de Tucumán","p":true},{"k":"f","d":31,"m":1,"c":null,"n":"Bicentenario Asamblea Año XIII","p":true},{"k":"f","d":20,"m":2,"c":null,"n":"Bicentenario Batalla de Salta","p":true},{"k":"f","d":25,"m":3,"c":null,"n":"Feriado Turístico","p":true},{"k":"f","d":9,"m":12,"c":null,"n":"Feriado Turístico","p":true},{"k":"f","d":30,"m":4,"c":null,"n":"Feriado Turístico","p":true},{"k":"f","d":24,"m":12,"c":null,"n":"Feriado Turístico","p":true},{"k":"f","d":1,"m":4,"c":null,"n":"Feriado Turístico","p":true},{"k":"f","d":21,"m":6,"c":null,"n":"Feriado Turístico","p":true},{"k":"f","d":2,"m":5,"c":null,"n":"Feriado Turístico","p":true},{"k":"f","d":26,"m":12,"c":null,"n":"Feriado Turístico","p":true},{"k":"f","d":23,"m":3,"c":null,"n":"Feriado Turístico","p":true},{"k":"f","d":7,"m":12,"c":null,"n":"Feriado Turístico","p":true},{"k":"f","d":8,"m":7,"c":null,"n":"Feriado Turístico","p":true},{"k":"f","d":9,"m":12,"c":null,"n":"Feriado Turístico","p":true},{"k":"unknown","raw":"hebrew nisan 15 length 2 days","n":"Pésaj (Pascuas Judías)","p":false},{"k":"unknown","raw":"hebrew nisan 21 length 2 days","n":"Chol HaMoed Pésaj (Pascuas Judías)","p":false},{"k":"unknown","raw":"hebrew tishrey 1 length 2 days","n":"Rosh Hashana (Año Nuevo Judío)","p":false},{"k":"unknown","raw":"hebrew tishrey 10","n":"Iom Kipur (Día del Perdón Judío)","p":false},{"k":"unknown","raw":"hijri muharram 1","n":"Hégira (Año Nuevo Musulmán)","p":false},{"k":"unknown","raw":"hijri shawwal 1","n":"Id Al-Fitr (Fin Ayuno Musulmán)","p":false},{"k":"unknown","raw":"hijri thualhijjah 10","n":"Eid al-Adha (Sacrificio Musulmán)","p":false},{"k":"e","o":-3,"c":null,"n":"Jueves Santo","p":false},{"k":"f","d":6,"m":1,"c":null,"n":"Día de Reyes","p":false},{"k":"f","d":14,"m":2,"c":null,"n":"Día de San Valentín","p":false},{"k":"f","d":8,"m":3,"c":null,"n":"Día de la Mujer","p":false},{"k":"e","o":-1,"c":null,"n":"Sábado de Gloria","p":false},{"k":"e","o":0,"c":null,"n":"Domingo de Pascua","p":false},{"k":"f","d":29,"m":4,"c":null,"n":"Día del Animal","p":false},{"k":"r","raw":"second sunday in may","c":null,"n":"Día del Ahijado/Nieto","p":false},{"k":"r","raw":"third sunday in june","c":null,"n":"Día del Padre","p":false},{"k":"f","d":20,"m":7,"c":null,"n":"Día del Amigo","p":false},{"k":"r","raw":"second sunday in august","c":null,"n":"Dia del Niño","p":false},{"k":"r","raw":"third sunday in october","c":null,"n":"Día de la Madre","p":false},{"k":"f","d":31,"m":10,"c":null,"n":"Halloween","p":false},{"k":"f","d":24,"m":12,"c":null,"n":"Noche Buena","p":false},{"k":"f","d":28,"m":12,"c":null,"n":"Día de los Inocentes","p":false},{"k":"f","d":31,"m":12,"c":null,"n":"Fin de Año","p":false}],"py":[{"k":"f","d":1,"m":1,"c":null,"n":"Año nuevo","p":true},{"k":"f","d":1,"m":3,"c":null,"n":"Día de los Heroes","p":true},{"k":"e","o":-3,"c":null,"n":"Jueves Santo","p":true},{"k":"e","o":-2,"c":null,"n":"Viernes Santo","p":true},{"k":"f","d":1,"m":5,"c":null,"n":"Trabajo","p":true},{"k":"f","d":15,"m":5,"c":null,"n":"Independencia","p":true},{"k":"f","d":12,"m":6,"c":null,"n":"Paz del Chaco","p":true},{"k":"f","d":15,"m":8,"c":null,"n":"Asunción","p":true},{"k":"f","d":29,"m":9,"c":null,"n":"Batalla de Boquerón","p":true},{"k":"f","d":8,"m":12,"c":null,"n":"Virgen de Caacupé","p":true},{"k":"f","d":25,"m":12,"c":null,"n":"Navidad","p":true}],"gt":[{"k":"f","d":1,"m":1,"c":null,"n":"Año nuevo","p":true},{"k":"f","d":6,"m":1,"c":null,"n":"Reyes","p":true},{"k":"f","d":19,"m":3,"c":null,"n":"Trabajo","p":true},{"k":"e","o":-3,"c":null,"n":"Jueves Santo","p":true},{"k":"e","o":-2,"c":null,"n":"Viernes Santo","p":true},{"k":"e","o":49,"c":null,"n":"Pentecostes","p":true},{"k":"f","d":1,"m":5,"c":null,"n":"Ejército","p":true},{"k":"f","d":15,"m":8,"c":null,"n":"Virgen de la Asunción","p":true},{"k":"f","d":15,"m":9,"c":null,"n":"Independencia","p":true},{"k":"f","d":20,"m":10,"c":null,"n":"Revolucion de 1944","p":true},{"k":"f","d":1,"m":11,"c":null,"n":"Todos los Santos","p":true},{"k":"f","d":24,"m":12,"c":null,"n":"Nochebuena","p":true},{"k":"f","d":25,"m":12,"c":null,"n":"Navidad","p":true},{"k":"f","d":31,"m":12,"c":null,"n":"Fin de año","p":true},{"k":"e","o":0,"c":null,"n":"Pascua","p":false},{"k":"e","o":-46,"c":null,"n":"Miércoles de ceniza","p":false},{"k":"e","o":39,"c":null,"n":"Ascension","p":false},{"k":"e","o":56,"c":null,"n":"Trinidad","p":false},{"k":"e","o":60,"c":null,"n":"Corpus Christi","p":false}],"cu":[{"k":"f","d":1,"m":1,"c":null,"n":"Día de la Liberación","p":true},{"k":"f","d":2,"m":1,"c":null,"n":"Día de la Victoria","p":true},{"k":"f","d":1,"m":5,"c":null,"n":"Día internacional de los trabajadores","p":true},{"k":"f","d":25,"m":7,"c":null,"n":"Conmemoración del Asalto al Cuartel Moncada","p":true},{"k":"f","d":26,"m":7,"c":null,"n":"Día de la Rebeldía Nacional","p":true},{"k":"f","d":27,"m":7,"c":null,"n":"Conmemoración del Asalto al Cuartel Moncada","p":true},{"k":"f","d":10,"m":10,"c":null,"n":"Día de la Independencia","p":true},{"k":"f","d":31,"m":12,"c":null,"n":"Fin de año","p":true},{"k":"f","d":25,"m":12,"c":null,"n":"Navidad","p":true},{"k":"r","raw":"second sunday in may","c":null,"n":"Día de las madres","p":false},{"k":"r","raw":"third sunday in july","c":null,"n":"Día de los niños","p":false},{"k":"r","raw":"third sunday in june","c":null,"n":"Día de los padres","p":false},{"k":"r","raw":"second sunday in march","c":null,"n":"Inicio del horario de verano","p":false},{"k":"r","raw":"first sunday in november","c":null,"n":"Fin del horario de verano","p":false}],"co":[{"k":"f","d":1,"m":1,"c":null,"n":"Año nuevo","p":true},{"k":"r","raw":"monday after january 6","c":null,"n":"Epifanía","p":true},{"k":"r","raw":"monday after march 19","c":null,"n":"San José","p":true},{"k":"e","o":-3,"c":null,"n":"Jueves Santo","p":true},{"k":"e","o":-2,"c":null,"n":"Viernes Santo","p":true},{"k":"e","o":43,"c":null,"n":"Ascensión de Jesús","p":true},{"k":"e","o":64,"c":null,"n":"Corpus Christi","p":true},{"k":"e","o":71,"c":null,"n":"Sagrado Corazón","p":true},{"k":"f","d":1,"m":5,"c":null,"n":"Día del Trabajo","p":true},{"k":"r","raw":"monday after june 29","c":null,"n":"San Pedro y San Pablo","p":true},{"k":"f","d":20,"m":7,"c":null,"n":"Grito de la Independencia","p":true},{"k":"f","d":7,"m":8,"c":null,"n":"Batalla de Boyacá","p":true},{"k":"r","raw":"monday after august 15","c":null,"n":"Asunción de la Virgen","p":true},{"k":"r","raw":"monday after october 12","c":null,"n":"Día de la Raza","p":true},{"k":"r","raw":"monday after november 1","c":null,"n":"Todos los Santos","p":true},{"k":"r","raw":"monday after november 11","c":null,"n":"Independencia de Cartagena","p":true},{"k":"f","d":8,"m":12,"c":null,"n":"Inmaculada Concepción","p":true},{"k":"f","d":25,"m":12,"c":null,"n":"Navidad","p":true},{"k":"e","o":-7,"c":null,"n":"Domingo de Ramos","p":false},{"k":"e","o":0,"c":null,"n":"Domingo de Pascua","p":false}]}}