{"regions":{"fi":[{"k":"unknown","raw":"1 january","n":"Uudenvuodenpäivä","p":true},{"k":"unknown","raw":"6 january","n":"Loppiainen","p":true},{"k":"unknown","raw":"1 may","n":"Vappu, suomalaisen työn päivä","p":true},{"k":"r","raw":"saturday after 20 june","c":null,"n":"Juhannuspäivä","p":true},{"k":"unknown","raw":"6 december","n":"Itsenäisyyspäivä","p":true},{"k":"unknown","raw":"25 december","n":"Joulupäivä","p":true},{"k":"unknown","raw":"26 december","n":"Tapaninpäivä","p":true},{"k":"e","o":-49,"c":null,"n":"Laskiaissunnuntai","p":true},{"k":"e","o":-47,"c":null,"n":"Laskiaistiistai","p":false},{"k":"e","o":0,"c":null,"n":"Marian ilmestyspäivä","p":true},{"k":"e","o":-7,"c":null,"n":"Palmusunnuntai","p":true},{"k":"e","o":-2,"c":null,"n":"Pitkäperjantai","p":true},{"k":"e","o":0,"c":null,"n":"Pääsiäispäivä","p":true},{"k":"e","o":1,"c":null,"n":"2. pääsiäispäivä","p":true},{"k":"e","o":39,"c":null,"n":"Helatorstai","p":true},{"k":"e","o":49,"c":null,"n":"Helluntaipäivä","p":true},{"k":"unknown","raw":"27 july","n":"Unikeonpäivä","p":false},{"k":"r","raw":"sunday before 24 december minus 21 days","c":null,"n":"1. adventtisunnuntai","p":false},{"k":"r","raw":"sunday before 24 december minus 14 days","c":null,"n":"2. adventtisunnuntai","p":false},{"k":"r","raw":"sunday before 24 december minus 7 days","c":null,"n":"3. adventtisunnuntai","p":false},{"k":"r","raw":"sunday before 24 december","c":null,"n":"4. adventtisunnuntai","p":false},{"k":"unknown","raw":"28 december","n":"Viattomien lasten päivä","p":false},{"k":"unknown","raw":"27 january","n":"Vainojen uhrien muistopäivä","p":false},{"k":"r","raw":"third sunday in may","c":null,"n":"Kaatuneitten muistopäivä","p":false},{"k":"unknown","raw":"5 february","n":"Runebergin päivä","p":false},{"k":"unknown","raw":"6 february","n":"Saamelaisten kansallispäivä","p":false},{"k":"unknown","raw":"14 february","n":"Ystävänpäivä","p":false},{"k":"unknown","raw":"28 february","n":"Kalevalan päivä, suomalaisen kulttuurin päivä","p":false},{"k":"unknown","raw":"8 march","n":"Naistenpäivä","p":false},{"k":"unknown","raw":"19 march","n":"Minna Canthin päivä, tasa-arvon päivä","p":false},{"k":"unknown","raw":"8 april","n":"Romanien kansallispäivä","p":false},{"k":"unknown","raw":"9 april","n":"Mikael Agricolan päivä, suomen kielen päivä","p":false},{"k":"unknown","raw":"27 april","n":"Kansallinen veteraanipäivä","p":false},{"k":"r","raw":"second sunday in may","c":null,"n":"Äitienpäivä","p":false},{"k":"unknown","raw":"9 may","n":"Eurooppa-päivä","p":false},{"k":"unknown","raw":"12 may","n":"J. V. Snellmanin päivä, suomalaisuuden päivä","p":false},{"k":"unknown","raw":"4 june","n":"Puolustusvoimien lippujuhlan päivä","p":false},{"k":"unknown","raw":"6 july","n":"Eino Leinon päivä, runon ja suven päivä","p":false},{"k":"unknown","raw":"5 september","n":"Yrittäjän päivä","p":false},{"k":"unknown","raw":"10 october","n":"Aleksis Kiven päivä, suomalaisen kirjallisuuden päivä","p":false},{"k":"unknown","raw":"6 november","n":"Svenska dagen","p":false},{"k":"r","raw":"second sunday in november","c":null,"n":"Isänpäivä","p":false},{"k":"unknown","raw":"20 november","n":"Lasten oikeuksien päivä","p":false},{"k":"unknown","raw":"8 december","n":"Jean Sibeliuksen päivä, suomalaisen musiikin päivä","p":false},{"k":"unknown","raw":"24 october","n":"YK:n päivä","p":false},{"k":"r","raw":"last sunday in march","c":null,"n":"Kesäaika alkaa (tunti eteenpäin)","p":false},{"k":"r","raw":"last sunday in october","c":null,"n":"Kesäaika päättyy (tunti taaksepäin)","p":false},{"k":"unknown","raw":"29 february","n":"Karkauspäivä","p":false}]}}