{"regions":{"cm":[{"k":"f","d":1,"m":1,"c":null,"n":"Jour de l'an","p":true},{"k":"f","d":8,"m":3,"c":null,"n":"Journée de la femme","p":true},{"k":"f","d":1,"m":5,"c":null,"n":"Fête du Travail","p":true},{"k":"f","d":11,"m":2,"c":null,"n":"Fête de la Jeunesse","p":true},{"k":"f","d":20,"m":5,"c":null,"n":"Fête Nationale","p":true},{"k":"e","o":0,"c":null,"n":"Pâques","p":true},{"k":"e","o":39,"c":null,"n":"Ascension","p":true},{"k":"e","o":49,"c":null,"n":"Pentecôte","p":true},{"k":"f","d":15,"m":8,"c":null,"n":"Assomption","p":true},{"k":"f","d":1,"m":11,"c":null,"n":"Toussaint","p":true},{"k":"f","d":25,"m":12,"c":null,"n":"Noël","p":true},{"k":"r","raw":"first sunday in january","c":null,"n":"Épiphanie","p":false},{"k":"e","o":-46,"c":null,"n":"Mercredi des Cendres","p":true},{"k":"e","o":-2,"c":null,"n":"Vendredi Saint","p":false},{"k":"f","d":2,"m":11,"c":null,"n":"Fête des morts","p":false},{"k":"f","d":1,"m":1,"c":null,"n":"Jour de l'indépendance du Cameroun","p":false},{"k":"f","d":21,"m":2,"c":null,"n":"Adoption de la Constitution du Cameroun","p":false},{"k":"f","d":1,"m":10,"c":null,"n":"Réunification du Cameroun","p":false},{"k":"f","d":1,"m":11,"c":null,"n":"Adhésion du Cameroun au Commonwealth","p":false},{"k":"f","d":14,"m":2,"c":null,"n":"St Valentin","p":false}],"nc":[{"k":"f","d":1,"m":1,"c":null,"n":"Jour de l'an","p":true},{"k":"e","o":0,"c":null,"n":"Pâques","p":true},{"k":"e","o":39,"c":null,"n":"Ascension","p":true},{"k":"e","o":49,"c":null,"n":"Pentecôte","p":true},{"k":"f","d":1,"m":5,"c":null,"n":"Fête du Travail","p":true},{"k":"f","d":8,"m":5,"c":null,"n":"Fête de la Victoire","p":true},{"k":"f","d":14,"m":7,"c":null,"n":"Fête nationale","p":true},{"k":"f","d":15,"m":8,"c":null,"n":"Assomption","p":true},{"k":"f","d":1,"m":11,"c":null,"n":"Toussaint","p":true},{"k":"f","d":11,"m":11,"c":null,"n":"Armistice de 1918","p":true},{"k":"f","d":25,"m":12,"c":null,"n":"Noël","p":true},{"k":"f","d":24,"m":9,"c":null,"n":"Fête de la citoyenneté","p":true},{"k":"r","raw":"first sunday in january","c":null,"n":"Épiphanie","p":false},{"k":"f","d":2,"m":2,"c":null,"n":"Chandeleur","p":false},{"k":"e","o":-47,"c":null,"n":"Mardi Gras","p":false},{"k":"e","o":-46,"c":null,"n":"Mercredi des Cendres","p":false},{"k":"e","o":-2,"c":null,"n":"Vendredi saint","p":false},{"k":"f","d":2,"m":11,"c":null,"n":"Fête des morts","p":false},{"k":"f","d":26,"m":12,"c":null,"n":"St Étienne","p":false},{"k":"f","d":14,"m":2,"c":null,"n":"Fête des amoureux","p":false},{"k":"r","raw":"first sunday in march","c":null,"n":"Fête des grands-mères","p":false},{"k":"r","raw":"last sunday in april","c":null,"n":"Souvenir des Déportés","p":false},{"k":"f","d":9,"m":5,"c":null,"n":"Journée de l'Europe","p":false},{"k":"f","d":10,"m":5,"c":null,"n":"Mémoire de l'esclavage","p":false},{"k":"r","raw":"last tuesday in may","c":null,"n":"Fête des voisins","p":false},{"k":"e","o":0,"c":null,"n":"Fête des mères","p":false},{"k":"r","raw":"third sunday in june","c":null,"n":"Fête des pères","p":false},{"k":"f","d":8,"m":6,"c":null,"n":"Morts en Indochine","p":false},{"k":"f","d":21,"m":6,"c":null,"n":"Fête de la Musique","p":false},{"k":"f","d":24,"m":6,"c":null,"n":"Fête de la Saint Jean","p":false},{"k":"f","d":25,"m":9,"c":null,"n":"Hommage aux Harkis","p":false},{"k":"f","d":5,"m":12,"c":null,"n":"Morts en Algérie","p":false},{"k":"r","raw":"last sunday in march","c":null,"n":"Heure d'été","p":false},{"k":"r","raw":"last sunday in october","c":null,"n":"Heure d'hiver","p":false}],"gf":[{"k":"f","d":1,"m":1,"c":null,"n":"Jour de l'an","p":true},{"k":"e","o":0,"c":null,"n":"Pâques","p":true},{"k":"e","o":39,"c":null,"n":"Ascension","p":true},{"k":"e","o":49,"c":null,"n":"Pentecôte","p":true},{"k":"f","d":1,"m":5,"c":null,"n":"Fête du Travail","p":true},{"k":"f","d":8,"m":5,"c":null,"n":"Fête de la Victoire","p":true},{"k":"f","d":14,"m":7,"c":null,"n":"Fête nationale","p":true},{"k":"f","d":15,"m":8,"c":null,"n":"Assomption","p":true},{"k":"f","d":1,"m":11,"c":null,"n":"Toussaint","p":true},{"k":"f","d":11,"m":11,"c":null,"n":"Armistice de 1918","p":true},{"k":"f","d":25,"m":12,"c":null,"n":"Noël","p":true},{"k":"f","d":10,"m":6,"c":null,"n":"Abolition de l'esclavage","p":true},{"k":"r","raw":"first sunday in january","c":null,"n":"Épiphanie","p":false},{"k":"f","d":2,"m":2,"c":null,"n":"Chandeleur","p":false},{"k":"e","o":-47,"c":null,"n":"Mardi Gras","p":false},{"k":"e","o":-46,"c":null,"n":"Mercredi des Cendres","p":false},{"k":"e","o":-2,"c":null,"n":"Vendredi saint","p":false},{"k":"f","d":2,"m":11,"c":null,"n":"Fête des morts","p":false},{"k":"f","d":26,"m":12,"c":null,"n":"St Étienne","p":false},{"k":"f","d":14,"m":2,"c":null,"n":"Fête des amoureux","p":false},{"k":"r","raw":"first sunday in march","c":null,"n":"Fête des grands-mères","p":false},{"k":"r","raw":"last sunday in april","c":null,"n":"Souvenir des Déportés","p":false},{"k":"f","d":9,"m":5,"c":null,"n":"Journée de l'Europe","p":false},{"k":"f","d":10,"m":5,"c":null,"n":"Mémoire de l'esclavage","p":false},{"k":"r","raw":"last tuesday in may","c":null,"n":"Fête des voisins","p":false},{"k":"e","o":0,"c":null,"n":"Fête des mères","p":false},{"k":"r","raw":"third sunday in june","c":null,"n":"Fête des pères","p":false},{"k":"f","d":8,"m":6,"c":null,"n":"Morts en Indochine","p":false},{"k":"f","d":21,"m":6,"c":null,"n":"Fête de la Musique","p":false},{"k":"f","d":24,"m":6,"c":null,"n":"Fête de la Saint Jean","p":false},{"k":"f","d":25,"m":9,"c":null,"n":"Hommage aux Harkis","p":false},{"k":"f","d":5,"m":12,"c":null,"n":"Morts en Algérie","p":false},{"k":"r","raw":"last sunday in march","c":null,"n":"Heure d'été","p":false},{"k":"r","raw":"last sunday in october","c":null,"n":"Heure d'hiver","p":false}],"mu":[{"k":"r","raw":"first sunday in january","c":null,"n":"Épiphanie","p":false},{"k":"f","d":2,"m":2,"c":null,"n":"Chandeleur","p":false},{"k":"f","d":19,"m":3,"c":null,"n":"Saint Joseph","p":false},{"k":"e","o":-47,"c":null,"n":"Mardi Gras","p":false},{"k":"e","o":-46,"c":null,"n":"Mercredi des Cendres","p":false},{"k":"e","o":-2,"c":null,"n":"Vendredi saint","p":false},{"k":"e","o":0,"c":null,"n":"Pâques","p":false},{"k":"e","o":1,"c":null,"n":"Lundi de Pâques","p":false},{"k":"e","o":42,"c":null,"n":"Ascension","p":false},{"k":"e","o":49,"c":null,"n":"Pentecôte","p":false},{"k":"f","d":15,"m":8,"c":null,"n":"Assomption","p":false},{"k":"f","d":9,"m":9,"c":null,"n":"Bienheureux père Jacques-Désiré Laval","p":false},{"k":"f","d":1,"m":11,"c":null,"n":"Toussaint","p":false},{"k":"f","d":2,"m":11,"c":null,"n":"Fête des morts","p":false},{"k":"f","d":3,"m":12,"c":null,"n":"Saint François Xavier","p":false},{"k":"f","d":8,"m":12,"c":null,"n":"Immaculée Conception","p":false},{"k":"f","d":24,"m":12,"c":null,"n":"Veille de Noël","p":false},{"k":"f","d":25,"m":12,"c":null,"n":"Noël","p":false},{"k":"f","d":26,"m":12,"c":null,"n":"Saint Étienne","p":false}],"ci":[{"k":"f","d":1,"m":1,"c":null,"n":"Fête du 1er janvier","p":true},{"k":"e","o":1,"c":null,"n":"Lundi de Pâques","p":true},{"k":"f","d":1,"m":5,"c":null,"n":"Fête du travail","p":true},{"k":"r","raw":"( ([may 1] == [sunday after ([may 1])]) ? [monday after ([may 1])] : noop )","c":null,"n":"Lendemain de la Fête du travail","p":true},{"k":"e","o":39,"c":null,"n":"Jour de l’Ascension","p":true},{"k":"e","o":50,"c":null,"n":"Lundi de la Pentecôte","p":true},{"k":"f","d":7,"m":8,"c":null,"n":"Fête nationale","p":true},{"k":"r","raw":"( ([august 7] == [sunday after ([august 7])]) ? [monday after ([august 7])] : noop )","c":null,"n":"Lendemain de la Fête nationale","p":true},{"k":"f","d":15,"m":8,"c":null,"n":"Fête de l’Assomption","p":true},{"k":"f","d":1,"m":11,"c":null,"n":"Fête de la Toussaint","p":true},{"k":"f","d":15,"m":11,"c":null,"n":"Journée Nationale de la Paix","p":true},{"k":"f","d":25,"m":12,"c":null,"n":"Fête de Noël","p":true},{"k":"r","raw":"( ([december 25] == [sunday after ([december 25])]) ? [monday after ([december 25])] : noop )","c":null,"n":"Lendemain de la Fête de Noël","p":true},{"k":"unknown","raw":"hijri rabialawal 12","n":"Lendemain de l’anniversaire de la naissance du Prophète Mahomet (Maouloud)","p":true},{"k":"unknown","raw":"hijri ramadan 27","n":"Lendemain de la nuit du destin (Laïlatou-Kadr)","p":true},{"k":"unknown","raw":"hijri shawwal 1","n":"Fête du Ramadan (Aîd-El-Fitr)","p":true},{"k":"r","raw":"hijri ( ([shawwal 1] == [sunday after ([shawwal 1])]) ? [monday after ([shawwal 1])] : noop )","c":null,"n":"Lendemain de la Fête du Ramadan (Aîd-El-Fitr)","p":true},{"k":"unknown","raw":"hijri thualhijjah 10","n":"Fête de la Tabaski (Aîd-El-Kébir)","p":true},{"k":"r","raw":"hijri ( ([thualhijjah 10] == [sunday after ([thualhijjah 10])]) ? [monday after ([thualhijjah 10])] : noop )","c":null,"n":"Lendemain de la Fête de la Tabaski (Aîd-El-Kébir)","p":true}],"re":[{"k":"f","d":1,"m":1,"c":null,"n":"Jour de l'an","p":true},{"k":"e","o":0,"c":null,"n":"Pâques","p":true},{"k":"e","o":39,"c":null,"n":"Ascension","p":true},{"k":"e","o":49,"c":null,"n":"Pentecôte","p":true},{"k":"f","d":1,"m":5,"c":null,"n":"Fête du Travail","p":true},{"k":"f","d":8,"m":5,"c":null,"n":"Fête de la Victoire","p":true},{"k":"f","d":14,"m":7,"c":null,"n":"Fête nationale","p":true},{"k":"f","d":15,"m":8,"c":null,"n":"Assomption","p":true},{"k":"f","d":1,"m":11,"c":null,"n":"Toussaint","p":true},{"k":"f","d":11,"m":11,"c":null,"n":"Armistice de 1918","p":true},{"k":"f","d":25,"m":12,"c":null,"n":"Noël","p":true},{"k":"f","d":20,"m":12,"c":null,"n":"Abolition de l'esclavage","p":true},{"k":"r","raw":"first sunday in january","c":null,"n":"Épiphanie","p":false},{"k":"f","d":2,"m":2,"c":null,"n":"Chandeleur","p":false},{"k":"e","o":-47,"c":null,"n":"Mardi Gras","p":false},{"k":"e","o":-46,"c":null,"n":"Mercredi des Cendres","p":false},{"k":"e","o":-2,"c":null,"n":"Vendredi saint","p":false},{"k":"f","d":2,"m":11,"c":null,"n":"Fête des morts","p":false},{"k":"f","d":26,"m":12,"c":null,"n":"St Étienne","p":false},{"k":"f","d":14,"m":2,"c":null,"n":"Fête des amoureux","p":false},{"k":"r","raw":"first sunday in march","c":null,"n":"Fête des grands-mères","p":false},{"k":"r","raw":"last sunday in april","c":null,"n":"Souvenir des Déportés","p":false},{"k":"f","d":9,"m":5,"c":null,"n":"Journée de l'Europe","p":false},{"k":"f","d":10,"m":5,"c":null,"n":"Mémoire de l'esclavage","p":false},{"k":"r","raw":"last tuesday in may","c":null,"n":"Fête des voisins","p":false},{"k":"e","o":0,"c":null,"n":"Fête des mères","p":false},{"k":"r","raw":"third sunday in june","c":null,"n":"Fête des pères","p":false},{"k":"f","d":8,"m":6,"c":null,"n":"Morts en Indochine","p":false},{"k":"f","d":21,"m":6,"c":null,"n":"Fête de la Musique","p":false},{"k":"f","d":24,"m":6,"c":null,"n":"Fête de la Saint Jean","p":false},{"k":"f","d":25,"m":9,"c":null,"n":"Hommage aux Harkis","p":false},{"k":"f","d":5,"m":12,"c":null,"n":"Morts en Algérie","p":false},{"k":"r","raw":"last sunday in march","c":null,"n":"Heure d'été","p":false},{"k":"r","raw":"last sunday in october","c":null,"n":"Heure d'hiver","p":false}],"lu":[{"k":"f","d":1,"m":1,"c":null,"n":"Nouvel an","p":true},{"k":"e","o":0,"c":null,"n":"Pâques","p":true},{"k":"e","o":1,"c":null,"n":"Lundi de Pâques","p":true},{"k":"f","d":1,"m":5,"c":null,"n":"Fête du travail","p":true},{"k":"e","o":39,"c":null,"n":"Ascension","p":true},{"k":"e","o":49,"c":null,"n":"Pentecôte","p":true},{"k":"e","o":50,"c":null,"n":"Lundi de Pentecôte","p":true},{"k":"f","d":23,"m":6,"c":null,"n":"Fête nationale","p":true},{"k":"f","d":15,"m":8,"c":null,"n":"Assomption","p":true},{"k":"f","d":1,"m":11,"c":null,"n":"Toussaint","p":true},{"k":"f","d":25,"m":12,"c":null,"n":"Noël","p":true},{"k":"f","d":26,"m":12,"c":null,"n":"Saint-Étienne","p":true}],"dz":[{"k":"f","d":1,"m":1,"c":null,"n":"Jour de l'an","p":true},{"k":"f","d":1,"m":5,"c":null,"n":"Fête du Travail","p":true},{"k":"f","d":5,"m":7,"c":null,"n":"Fête de l’Indépendance","p":true},{"k":"f","d":1,"m":11,"c":null,"n":"Anniversaire de la Révolution","p":true},{"k":"unknown","raw":"hijri muharram 1","n":"Awal muharram","p":true},{"k":"unknown","raw":"hijri muharram 10","n":"Achoura","p":true},{"k":"unknown","raw":"hijri rabialawal 12","n":"Mawlid nabaoui","p":true},{"k":"unknown","raw":"hijri shawwal 1 length 2","n":"Aïd el-Fitr","p":true},{"k":"unknown","raw":"hijri thualhijjah 10 length 2","n":"Aïd El Adha","p":true}],"ca-qc":[{"k":"f","d":1,"m":1,"c":null,"n":"Jour de l'An","p":true},{"k":"e","o":-2,"c":null,"n":"Vendredi saint","p":true},{"k":"e","o":0,"c":null,"n":"Pâques","p":true},{"k":"e","o":1,"c":null,"n":"Lundi de Pâques","p":true},{"k":"r","raw":"monday before may 25","c":null,"n":"Jour de la Reine (Journée nationale des patriotes)","p":true},{"k":"f","d":24,"m":6,"c":null,"n":"Fête nationale du Québec","p":true},{"k":"f","d":1,"m":7,"c":null,"n":"Fête du Canada","p":true},{"k":"r","raw":"first monday in september","c":null,"n":"Fête du Travail","p":true},{"k":"unknown","raw":"( (year >= 2021) ? [september 30] : noop )","n":"Journée nationale de la vérité et de la réconciliation","p":true},{"k":"r","raw":"second monday in october","c":null,"n":"Action de grâces","p":true},{"k":"f","d":11,"m":11,"c":null,"n":"Jour du Souvenir (Armistice 1918)","p":true},{"k":"f","d":25,"m":12,"c":null,"n":"Jour de Noël","p":true},{"k":"f","d":14,"m":2,"c":null,"n":"St Valentin","p":false},{"k":"r","raw":"second sunday in may","c":null,"n":"Fêtes des Meres","p":false},{"k":"r","raw":"third sunday in june","c":null,"n":"Fêtes des Peres","p":false}],"be":[{"k":"f","d":1,"m":1,"c":null,"n":"Jour de l'an","p":true},{"k":"e","o":0,"c":null,"n":"Pâques","p":true},{"k":"e","o":1,"c":null,"n":"Lundi de Pâques","p":true},{"k":"f","d":1,"m":5,"c":null,"n":"Fête du travail","p":true},{"k":"e","o":39,"c":null,"n":"Ascencion","p":true},{"k":"e","o":49,"c":null,"n":"Pentecôte","p":true},{"k":"e","o":50,"c":null,"n":"Lundi de Pentecôte","p":true},{"k":"f","d":21,"m":7,"c":null,"n":"Fête nationale - Férié","p":true},{"k":"f","d":15,"m":8,"c":null,"n":"Assomption","p":true},{"k":"f","d":1,"m":11,"c":null,"n":"Toussaint","p":true},{"k":"f","d":11,"m":11,"c":null,"n":"Armistice","p":true},{"k":"f","d":25,"m":12,"c":null,"n":"Noël","p":true},{"k":"f","d":6,"m":1,"c":null,"n":"Épiphanie","p":false},{"k":"e","o":-47,"c":null,"n":"Mardi-gras","p":false},{"k":"e","o":-46,"c":null,"n":"Mercredi des cendres","p":false},{"k":"e","o":-7,"c":null,"n":"Dimanche des rameaux","p":false},{"k":"e","o":-3,"c":null,"n":"Jeudi saint","p":false},{"k":"e","o":-2,"c":null,"n":"Vendredi saint","p":false},{"k":"f","d":6,"m":12,"c":null,"n":"Saint Nicolas","p":false},{"k":"f","d":31,"m":12,"c":null,"n":"Saint-Sylvestre","p":false},{"k":"r","raw":"every second sunday in may","c":null,"n":"Fête des mères","p":false},{"k":"r","raw":"every second sunday in june","c":null,"n":"Fête des pères","p":false},{"k":"f","d":11,"m":7,"c":null,"n":"Fête de la Communauté flamande","p":false},{"k":"f","d":27,"m":9,"c":null,"n":"Fête de la Communauté française de Belgique","p":false},{"k":"r","raw":"every third sunday in september","c":null,"n":"Fêtes de Wallonie","p":false},{"k":"f","d":15,"m":11,"c":null,"n":"Fête de la Communauté germanophone de Belgique","p":false},{"k":"f","d":2,"m":2,"c":null,"n":"Chandeleur","p":false},{"k":"f","d":2,"m":11,"c":null,"n":"Jour des morts","p":false}],"wf":[{"k":"f","d":1,"m":1,"c":null,"n":"Jour de l'an","p":true},{"k":"e","o":0,"c":null,"n":"Pâques","p":true},{"k":"e","o":39,"c":null,"n":"Ascension","p":true},{"k":"e","o":49,"c":null,"n":"Pentecôte","p":true},{"k":"f","d":1,"m":5,"c":null,"n":"Fête du Travail","p":true},{"k":"f","d":8,"m":5,"c":null,"n":"Fête de la Victoire","p":true},{"k":"f","d":14,"m":7,"c":null,"n":"Fête nationale","p":true},{"k":"f","d":15,"m":8,"c":null,"n":"Assomption","p":true},{"k":"f","d":1,"m":11,"c":null,"n":"Toussaint","p":true},{"k":"f","d":11,"m":11,"c":null,"n":"Armistice de 1918","p":true},{"k":"f","d":25,"m":12,"c":null,"n":"Noël","p":true},{"k":"f","d":28,"m":4,"c":null,"n":"St-Pierre-Chanel","p":true},{"k":"f","d":29,"m":7,"c":null,"n":"Fête du Territoire","p":true},{"k":"r","raw":"first sunday in january","c":null,"n":"Épiphanie","p":false},{"k":"f","d":2,"m":2,"c":null,"n":"Chandeleur","p":false},{"k":"e","o":-47,"c":null,"n":"Mardi Gras","p":false},{"k":"e","o":-46,"c":null,"n":"Mercredi des Cendres","p":false},{"k":"e","o":-2,"c":null,"n":"Vendredi saint","p":false},{"k":"f","d":2,"m":11,"c":null,"n":"Fête des morts","p":false},{"k":"f","d":26,"m":12,"c":null,"n":"St Étienne","p":false},{"k":"f","d":14,"m":2,"c":null,"n":"Fête des amoureux","p":false},{"k":"r","raw":"first sunday in march","c":null,"n":"Fête des grands-mères","p":false},{"k":"r","raw":"last sunday in april","c":null,"n":"Souvenir des Déportés","p":false},{"k":"f","d":9,"m":5,"c":null,"n":"Journée de l'Europe","p":false},{"k":"f","d":10,"m":5,"c":null,"n":"Mémoire de l'esclavage","p":false},{"k":"r","raw":"last tuesday in may","c":null,"n":"Fête des voisins","p":false},{"k":"e","o":0,"c":null,"n":"Fête des mères","p":false},{"k":"r","raw":"third sunday in june","c":null,"n":"Fête des pères","p":false},{"k":"f","d":8,"m":6,"c":null,"n":"Morts en Indochine","p":false},{"k":"f","d":21,"m":6,"c":null,"n":"Fête de la Musique","p":false},{"k":"f","d":24,"m":6,"c":null,"n":"Fête de la Saint Jean","p":false},{"k":"f","d":25,"m":9,"c":null,"n":"Hommage aux Harkis","p":false},{"k":"f","d":5,"m":12,"c":null,"n":"Morts en Algérie","p":false},{"k":"r","raw":"last sunday in march","c":null,"n":"Heure d'été","p":false},{"k":"r","raw":"last sunday in october","c":null,"n":"Heure d'hiver","p":false}],"fr":[{"k":"f","d":1,"m":1,"c":null,"n":"Jour de l'an","p":true},{"k":"e","o":0,"c":null,"n":"Pâques","p":true},{"k":"e","o":39,"c":null,"n":"Ascension","p":true},{"k":"e","o":49,"c":null,"n":"Pentecôte","p":true},{"k":"f","d":1,"m":5,"c":null,"n":"Fête du Travail","p":true},{"k":"f","d":8,"m":5,"c":null,"n":"Fête de la Victoire","p":true},{"k":"f","d":14,"m":7,"c":null,"n":"Fête nationale","p":true},{"k":"f","d":15,"m":8,"c":null,"n":"Assomption","p":true},{"k":"f","d":1,"m":11,"c":null,"n":"Toussaint","p":true},{"k":"f","d":11,"m":11,"c":null,"n":"Armistice de 1918","p":true},{"k":"f","d":25,"m":12,"c":null,"n":"Noël","p":true},{"k":"r","raw":"first sunday in january","c":null,"n":"Épiphanie","p":false},{"k":"f","d":2,"m":2,"c":null,"n":"Chandeleur","p":false},{"k":"e","o":-47,"c":null,"n":"Mardi Gras","p":false},{"k":"e","o":-46,"c":null,"n":"Mercredi des Cendres","p":false},{"k":"e","o":-2,"c":null,"n":"Vendredi saint","p":false},{"k":"f","d":2,"m":11,"c":null,"n":"Fête des morts","p":false},{"k":"f","d":26,"m":12,"c":null,"n":"St Étienne","p":false},{"k":"f","d":14,"m":2,"c":null,"n":"Fête des amoureux","p":false},{"k":"r","raw":"first sunday in march","c":null,"n":"Fête des grands-mères","p":false},{"k":"r","raw":"last sunday in april","c":null,"n":"Souvenir des Déportés","p":false},{"k":"f","d":9,"m":5,"c":null,"n":"Journée de l'Europe","p":false},{"k":"f","d":10,"m":5,"c":null,"n":"Mémoire de l'esclavage","p":false},{"k":"r","raw":"last tuesday in may","c":null,"n":"Fête des voisins","p":false},{"k":"e","o":0,"c":null,"n":"Fête des mères","p":false},{"k":"r","raw":"third sunday in june","c":null,"n":"Fête des pères","p":false},{"k":"f","d":8,"m":6,"c":null,"n":"Morts en Indochine","p":false},{"k":"f","d":21,"m":6,"c":null,"n":"Fête de la Musique","p":false},{"k":"f","d":24,"m":6,"c":null,"n":"Fête de la Saint Jean","p":false},{"k":"f","d":25,"m":9,"c":null,"n":"Hommage aux Harkis","p":false},{"k":"f","d":5,"m":12,"c":null,"n":"Morts en Algérie","p":false},{"k":"r","raw":"last sunday in march","c":null,"n":"Heure d'été","p":false},{"k":"r","raw":"last sunday in october","c":null,"n":"Heure d'hiver","p":false}],"gp":[{"k":"f","d":1,"m":1,"c":null,"n":"Jour de l'an","p":true},{"k":"e","o":0,"c":null,"n":"Pâques","p":true},{"k":"e","o":39,"c":null,"n":"Ascension","p":true},{"k":"e","o":49,"c":null,"n":"Pentecôte","p":true},{"k":"f","d":1,"m":5,"c":null,"n":"Fête du Travail","p":true},{"k":"f","d":8,"m":5,"c":null,"n":"Fête de la Victoire","p":true},{"k":"f","d":14,"m":7,"c":null,"n":"Fête nationale","p":true},{"k":"f","d":15,"m":8,"c":null,"n":"Assomption","p":true},{"k":"f","d":1,"m":11,"c":null,"n":"Toussaint","p":true},{"k":"f","d":11,"m":11,"c":null,"n":"Armistice de 1918","p":true},{"k":"f","d":25,"m":12,"c":null,"n":"Noël","p":true},{"k":"e","o":-2,"c":null,"n":"Vendredi saint","p":true},{"k":"f","d":27,"m":5,"c":null,"n":"Abolition de l'esclavage","p":true},{"k":"f","d":21,"m":7,"c":null,"n":"Fête Victor Schoelcher","p":true},{"k":"f","d":26,"m":12,"c":null,"n":"St Étienne","p":true},{"k":"r","raw":"first sunday in january","c":null,"n":"Épiphanie","p":false},{"k":"f","d":2,"m":2,"c":null,"n":"Chandeleur","p":false},{"k":"e","o":-47,"c":null,"n":"Mardi Gras","p":false},{"k":"e","o":-46,"c":null,"n":"Mercredi des Cendres","p":false},{"k":"f","d":2,"m":11,"c":null,"n":"Fête des morts","p":false},{"k":"f","d":14,"m":2,"c":null,"n":"Fête des amoureux","p":false},{"k":"r","raw":"first sunday in march","c":null,"n":"Fête des grands-mères","p":false},{"k":"r","raw":"last sunday in april","c":null,"n":"Souvenir des Déportés","p":false},{"k":"f","d":9,"m":5,"c":null,"n":"Journée de l'Europe","p":false},{"k":"f","d":10,"m":5,"c":null,"n":"Mémoire de l'esclavage","p":false},{"k":"r","raw":"last tuesday in may","c":null,"n":"Fête des voisins","p":false},{"k":"e","o":0,"c":null,"n":"Fête des mères","p":false},{"k":"r","raw":"third sunday in june","c":null,"n":"Fête des pères","p":false},{"k":"f","d":8,"m":6,"c":null,"n":"Morts en Indochine","p":false},{"k":"f","d":21,"m":6,"c":null,"n":"Fête de la Musique","p":false},{"k":"f","d":24,"m":6,"c":null,"n":"Fête de la Saint Jean","p":false},{"k":"f","d":25,"m":9,"c":null,"n":"Hommage aux Harkis","p":false},{"k":"f","d":5,"m":12,"c":null,"n":"Morts en Algérie","p":false},{"k":"r","raw":"last sunday in march","c":null,"n":"Heure d'été","p":false},{"k":"r","raw":"last sunday in october","c":null,"n":"Heure d'hiver","p":false}],"ma":[{"k":"f","d":1,"m":1,"c":null,"n":"Jour de l'an","p":true},{"k":"f","d":11,"m":1,"c":null,"n":"Anniversaire du manifeste de l'indépendance","p":true},{"k":"f","d":1,"m":5,"c":null,"n":"Fête du Travail","p":true},{"k":"f","d":30,"m":7,"c":null,"n":"Fête du trône","p":true},{"k":"f","d":14,"m":8,"c":null,"n":"Journée de Oued Ed-Dahab","p":true},{"k":"f","d":20,"m":8,"c":null,"n":"Fête de la révolution du Roi et du peuple","p":true},{"k":"f","d":21,"m":8,"c":null,"n":"Anniversaire de sa majesté le roi Mohammed VI","p":true},{"k":"f","d":6,"m":11,"c":null,"n":"Anniversaire de la Marche Verte","p":true},{"k":"f","d":18,"m":11,"c":null,"n":"Fête de l'Indépendance","p":true},{"k":"unknown","raw":"hijri muharram 1","n":"Awal muharram","p":true},{"k":"unknown","raw":"hijri rabialawal 12","n":"Mawlid nabaoui","p":true},{"k":"unknown","raw":"hijri shawwal 1 length 2","n":"Aïd el-Fitr","p":true},{"k":"unknown","raw":"hijri thualhijjah 10 length 2","n":"Aïd El Adha","p":true}],"yt":[{"k":"f","d":1,"m":1,"c":null,"n":"Jour de l'an","p":true},{"k":"e","o":0,"c":null,"n":"Pâques","p":true},{"k":"e","o":39,"c":null,"n":"Ascension","p":true},{"k":"e","o":49,"c":null,"n":"Pentecôte","p":true},{"k":"f","d":1,"m":5,"c":null,"n":"Fête du Travail","p":true},{"k":"f","d":8,"m":5,"c":null,"n":"Fête de la Victoire","p":true},{"k":"f","d":14,"m":7,"c":null,"n":"Fête nationale","p":true},{"k":"f","d":15,"m":8,"c":null,"n":"Assomption","p":true},{"k":"f","d":1,"m":11,"c":null,"n":"Toussaint","p":true},{"k":"f","d":11,"m":11,"c":null,"n":"Armistice de 1918","p":true},{"k":"f","d":25,"m":12,"c":null,"n":"Noël","p":true},{"k":"f","d":27,"m":4,"c":null,"n":"Abolition de l'esclavage","p":true},{"k":"unknown","raw":"hijri thualhijjah 10","n":"Aïd el-Kebir","p":true},{"k":"r","raw":"first sunday in january","c":null,"n":"Épiphanie","p":false},{"k":"f","d":2,"m":2,"c":null,"n":"Chandeleur","p":false},{"k":"e","o":-47,"c":null,"n":"Mardi Gras","p":false},{"k":"e","o":-46,"c":null,"n":"Mercredi des Cendres","p":false},{"k":"e","o":-2,"c":null,"n":"Vendredi saint","p":false},{"k":"f","d":2,"m":11,"c":null,"n":"Fête des morts","p":false},{"k":"f","d":26,"m":12,"c":null,"n":"St Étienne","p":false},{"k":"f","d":14,"m":2,"c":null,"n":"Fête des amoureux","p":false},{"k":"r","raw":"first sunday in march","c":null,"n":"Fête des grands-mères","p":false},{"k":"r","raw":"last sunday in april","c":null,"n":"Souvenir des Déportés","p":false},{"k":"f","d":9,"m":5,"c":null,"n":"Journée de l'Europe","p":false},{"k":"f","d":10,"m":5,"c":null,"n":"Mémoire de l'esclavage","p":false},{"k":"r","raw":"last tuesday in may","c":null,"n":"Fête des voisins","p":false},{"k":"e","o":0,"c":null,"n":"Fête des mères","p":false},{"k":"r","raw":"third sunday in june","c":null,"n":"Fête des pères","p":false},{"k":"f","d":8,"m":6,"c":null,"n":"Morts en Indochine","p":false},{"k":"f","d":21,"m":6,"c":null,"n":"Fête de la Musique","p":false},{"k":"f","d":24,"m":6,"c":null,"n":"Fête de la Saint Jean","p":false},{"k":"f","d":25,"m":9,"c":null,"n":"Hommage aux Harkis","p":false},{"k":"f","d":5,"m":12,"c":null,"n":"Morts en Algérie","p":false},{"k":"r","raw":"last sunday in march","c":null,"n":"Heure d'été","p":false},{"k":"r","raw":"last sunday in october","c":null,"n":"Heure d'hiver","p":false}],"mq":[{"k":"f","d":1,"m":1,"c":null,"n":"Jour de l'an","p":true},{"k":"e","o":0,"c":null,"n":"Pâques","p":true},{"k":"e","o":39,"c":null,"n":"Ascension","p":true},{"k":"e","o":49,"c":null,"n":"Pentecôte","p":true},{"k":"f","d":1,"m":5,"c":null,"n":"Fête du Travail","p":true},{"k":"f","d":8,"m":5,"c":null,"n":"Fête de la Victoire","p":true},{"k":"f","d":14,"m":7,"c":null,"n":"Fête nationale","p":true},{"k":"f","d":15,"m":8,"c":null,"n":"Assomption","p":true},{"k":"f","d":1,"m":11,"c":null,"n":"Toussaint","p":true},{"k":"f","d":11,"m":11,"c":null,"n":"Armistice de 1918","p":true},{"k":"f","d":25,"m":12,"c":null,"n":"Noël","p":true},{"k":"e","o":-2,"c":null,"n":"Vendredi saint","p":true},{"k":"f","d":22,"m":5,"c":null,"n":"Abolition de l'esclavage","p":true},{"k":"f","d":21,"m":7,"c":null,"n":"Fête Victor Schoelcher","p":true},{"k":"f","d":26,"m":12,"c":null,"n":"St Étienne","p":true},{"k":"r","raw":"first sunday in january","c":null,"n":"Épiphanie","p":false},{"k":"f","d":2,"m":2,"c":null,"n":"Chandeleur","p":false},{"k":"e","o":-47,"c":null,"n":"Mardi Gras","p":false},{"k":"e","o":-46,"c":null,"n":"Mercredi des Cendres","p":false},{"k":"f","d":2,"m":11,"c":null,"n":"Fête des morts","p":false},{"k":"f","d":14,"m":2,"c":null,"n":"Fête des amoureux","p":false},{"k":"r","raw":"first sunday in march","c":null,"n":"Fête des grands-mères","p":false},{"k":"r","raw":"last sunday in april","c":null,"n":"Souvenir des Déportés","p":false},{"k":"f","d":9,"m":5,"c":null,"n":"Journée de l'Europe","p":false},{"k":"f","d":10,"m":5,"c":null,"n":"Mémoire de l'esclavage","p":false},{"k":"r","raw":"last tuesday in may","c":null,"n":"Fête des voisins","p":false},{"k":"e","o":0,"c":null,"n":"Fête des mères","p":false},{"k":"r","raw":"third sunday in june","c":null,"n":"Fête des pères","p":false},{"k":"f","d":8,"m":6,"c":null,"n":"Morts en Indochine","p":false},{"k":"f","d":21,"m":6,"c":null,"n":"Fête de la Musique","p":false},{"k":"f","d":24,"m":6,"c":null,"n":"Fête de la Saint Jean","p":false},{"k":"f","d":25,"m":9,"c":null,"n":"Hommage aux Harkis","p":false},{"k":"f","d":5,"m":12,"c":null,"n":"Morts en Algérie","p":false},{"k":"r","raw":"last sunday in march","c":null,"n":"Heure d'été","p":false},{"k":"r","raw":"last sunday in october","c":null,"n":"Heure d'hiver","p":false}],"ch":[{"k":"f","d":1,"m":1,"c":null,"n":"Nouvel An","p":true},{"k":"f","d":1,"m":8,"c":null,"n":"Fête Nationale","p":true},{"k":"r","raw":"third sunday in september","c":null,"n":"Jeune Fédéral","p":true},{"k":"r","raw":"third sunday in september plus 1 day","c":null,"n":"Lundi du Jeûne Fédéral","p":true},{"k":"e","o":-2,"c":null,"n":"Vendredi Saint","p":true},{"k":"e","o":0,"c":null,"n":"Pâques","p":true},{"k":"e","o":39,"c":null,"n":"Ascension","p":true},{"k":"e","o":49,"c":null,"n":"Pentecôte","p":true},{"k":"e","o":50,"c":null,"n":"Lundi de Pentecôte","p":true},{"k":"f","d":25,"m":12,"c":null,"n":"Noël","p":true},{"k":"f","d":26,"m":12,"c":null,"n":"Saint-Étienne","p":true}],"bj":[{"k":"f","d":1,"m":1,"c":null,"n":"Fête du Nouvel An","p":true},{"k":"r","raw":"second friday in january minus 1","c":null,"n":"Veille de la Fête annuelle des religions traditionnelles","p":true},{"k":"r","raw":"second friday in january","c":null,"n":"Fête annuelle des religions traditionnelles","p":true},{"k":"e","o":1,"c":null,"n":"Lundi de Pâques","p":true},{"k":"f","d":1,"m":5,"c":null,"n":"Fête du travail","p":true},{"k":"e","o":39,"c":null,"n":"Jour de l’Ascension","p":true},{"k":"e","o":50,"c":null,"n":"Lundi de Pentecôte","p":true},{"k":"f","d":1,"m":8,"c":null,"n":"Fête nationale","p":true},{"k":"f","d":15,"m":8,"c":null,"n":"Jour de l’Assomption","p":true},{"k":"f","d":1,"m":11,"c":null,"n":"Jour de la Toussaint","p":true},{"k":"f","d":25,"m":12,"c":null,"n":"Jour de Noël","p":true},{"k":"unknown","raw":"hijri rabialawal 12","n":"Jour de Maouloud","p":true},{"k":"unknown","raw":"hijri shawwal 1","n":"Jour du Ramadan","p":true},{"k":"unknown","raw":"hijri thualhijjah 10","n":"Jour de la Tabaski","p":true}],"pf":[{"k":"f","d":1,"m":1,"c":null,"n":"Jour de l'an","p":true},{"k":"e","o":0,"c":null,"n":"Pâques","p":true},{"k":"e","o":39,"c":null,"n":"Ascension","p":true},{"k":"e","o":49,"c":null,"n":"Pentecôte","p":true},{"k":"f","d":1,"m":5,"c":null,"n":"Fête du Travail","p":true},{"k":"f","d":8,"m":5,"c":null,"n":"Fête de la Victoire","p":true},{"k":"f","d":14,"m":7,"c":null,"n":"Fête nationale","p":true},{"k":"f","d":15,"m":8,"c":null,"n":"Assomption","p":true},{"k":"f","d":1,"m":11,"c":null,"n":"Toussaint","p":true},{"k":"f","d":11,"m":11,"c":null,"n":"Armistice de 1918","p":true},{"k":"f","d":25,"m":12,"c":null,"n":"Noël","p":true},{"k":"f","d":29,"m":6,"c":null,"n":"Fête de l'autonomie de la Polynésie française","p":true},{"k":"r","raw":"first sunday in january","c":null,"n":"Épiphanie","p":false},{"k":"f","d":2,"m":2,"c":null,"n":"Chandeleur","p":false},{"k":"e","o":-47,"c":null,"n":"Mardi Gras","p":false},{"k":"e","o":-46,"c":null,"n":"Mercredi des Cendres","p":false},{"k":"e","o":-2,"c":null,"n":"Vendredi saint","p":false},{"k":"f","d":2,"m":11,"c":null,"n":"Fête des morts","p":false},{"k":"f","d":26,"m":12,"c":null,"n":"St Étienne","p":false},{"k":"f","d":14,"m":2,"c":null,"n":"Fête des amoureux","p":false},{"k":"r","raw":"first sunday in march","c":null,"n":"Fête des grands-mères","p":false},{"k":"r","raw":"last sunday in april","c":null,"n":"Souvenir des Déportés","p":false},{"k":"f","d":9,"m":5,"c":null,"n":"Journée de l'Europe","p":false},{"k":"f","d":10,"m":5,"c":null,"n":"Mémoire de l'esclavage","p":false},{"k":"r","raw":"last tuesday in may","c":null,"n":"Fête des voisins","p":false},{"k":"e","o":0,"c":null,"n":"Fête des mères","p":false},{"k":"r","raw":"third sunday in june","c":null,"n":"Fête des pères","p":false},{"k":"f","d":8,"m":6,"c":null,"n":"Morts en Indochine","p":false},{"k":"f","d":21,"m":6,"c":null,"n":"Fête de la Musique","p":false},{"k":"f","d":24,"m":6,"c":null,"n":"Fête de la Saint Jean","p":false},{"k":"f","d":25,"m":9,"c":null,"n":"Hommage aux Harkis","p":false},{"k":"f","d":5,"m":12,"c":null,"n":"Morts en Algérie","p":false},{"k":"r","raw":"last sunday in march","c":null,"n":"Heure d'été","p":false},{"k":"r","raw":"last sunday in october","c":null,"n":"Heure d'hiver","p":false}]}}