{"regions":{"is":[{"k":"f","d":1,"m":1,"c":null,"n":"Nýjársdagur","p":true},{"k":"e","o":-3,"c":null,"n":"Skírdagur","p":true},{"k":"e","o":-2,"c":null,"n":"Föstudagurinn langi","p":true},{"k":"e","o":1,"c":null,"n":"Annar í Páskum","p":true},{"k":"e","o":40,"c":null,"n":"Uppstigningardagur","p":true},{"k":"e","o":49,"c":null,"n":"Hvítasunna","p":true},{"k":"r","raw":"thursday after april 18","c":null,"n":"Sumardagurinn fyrsti","p":true},{"k":"f","d":1,"m":5,"c":null,"n":"Frídagur verkamanna","p":true},{"k":"f","d":17,"m":6,"c":null,"n":"Lýðveldisdagurinn","p":true},{"k":"r","raw":"monday after july 31","c":null,"n":"Frídagur verslunarmanna","p":true},{"k":"f","d":1,"m":12,"c":null,"n":"Fullveldisdagurinn","p":true},{"k":"f","d":24,"m":12,"c":null,"n":"Aðfangadagur","p":true},{"k":"f","d":25,"m":12,"c":null,"n":"Jóladagur","p":true},{"k":"f","d":26,"m":12,"c":null,"n":"Annar í jólum","p":true},{"k":"f","d":31,"m":12,"c":null,"n":"Gamlársdagur","p":true},{"k":"e","o":-7,"c":null,"n":"Pálmasunnudagur","p":false},{"k":"e","o":0,"c":null,"n":"Páskadagur","p":false},{"k":"e","o":-48,"c":null,"n":"Bolludagur","p":false},{"k":"e","o":-47,"c":null,"n":"Sprengidagur","p":false},{"k":"e","o":-46,"c":null,"n":"Öskudagur","p":false},{"k":"e","o":56,"c":null,"n":"Trinity","p":false},{"k":"e","o":53,"c":null,"n":"Corpus Christi","p":false},{"k":"r","raw":"sunday before december 24 minus 21","c":null,"n":"1. í Aðventu","p":false},{"k":"r","raw":"sunday before december 24 minus 14","c":null,"n":"2. í Aðventu","p":false},{"k":"r","raw":"sunday before december 24 minus 7","c":null,"n":"3. í Aðventu","p":false},{"k":"r","raw":"sunday before december 24","c":null,"n":"4. í Aðventu","p":false},{"k":"f","d":23,"m":12,"c":null,"n":"Þorláksmessa","p":false},{"k":"f","d":14,"m":2,"c":null,"n":"Valentínusardagur","p":false},{"k":"f","d":17,"m":3,"c":null,"n":"St. Patrick dagur","p":false},{"k":"r","raw":"sunday after may 31","c":null,"n":"Sjómannadagurinn","p":false},{"k":"f","d":24,"m":6,"c":null,"n":"Jónsmessa","p":false},{"k":"f","d":13,"m":7,"c":null,"n":"Hundadagar byrja","p":false},{"k":"f","d":23,"m":8,"c":null,"n":"Hundadagar enda","p":false},{"k":"f","d":15,"m":10,"c":null,"n":"Alþjóðlegi ljóðadagurinn","p":false},{"k":"f","d":24,"m":10,"c":null,"n":"Dagur Sameinuðu Þjóðanna","p":false},{"k":"f","d":31,"m":10,"c":null,"n":"Halloween","p":false},{"k":"r","raw":"fourth thursday in november","c":null,"n":"Þakkargjörðardagurinn (BNA)","p":false},{"k":"f","d":17,"m":12,"c":null,"n":"Wright bræðra dagur","p":false}]}}