{"regions":{"ch":[{"k":"f","d":1,"m":1,"c":null,"n":"Capodanno","p":true},{"k":"f","d":6,"m":1,"c":null,"n":"Epifania","p":true},{"k":"f","d":19,"m":3,"c":null,"n":"San Giuseppe","p":true},{"k":"e","o":0,"c":null,"n":"Pasqua","p":true},{"k":"e","o":1,"c":null,"n":"Lunedi di Pasqua","p":true},{"k":"f","d":1,"m":5,"c":null,"n":"Festa dei lavoratori","p":true},{"k":"e","o":39,"c":null,"n":"Ascensione","p":true},{"k":"e","o":49,"c":null,"n":"Pentecoste","p":true},{"k":"e","o":50,"c":null,"n":"Lunedi di Pentecoste","p":true},{"k":"e","o":60,"c":null,"n":"Corpus Domini","p":true},{"k":"f","d":29,"m":6,"c":null,"n":"Santi Pietro e Paolo","p":true},{"k":"f","d":1,"m":8,"c":null,"n":"Festa nazionale","p":true},{"k":"f","d":15,"m":8,"c":null,"n":"Assunzione","p":true},{"k":"r","raw":"third sunday in september","c":null,"n":"Digiuno Federale","p":true},{"k":"f","d":1,"m":11,"c":null,"n":"Ognissanti","p":true},{"k":"f","d":8,"m":12,"c":null,"n":"Immacolata","p":true},{"k":"f","d":25,"m":12,"c":null,"n":"Natale","p":true},{"k":"f","d":26,"m":12,"c":null,"n":"Santo Stefano","p":true}],"it":[{"k":"f","d":1,"m":1,"c":null,"n":"Capodanno","p":true},{"k":"f","d":6,"m":1,"c":null,"n":"Epifania","p":true},{"k":"e","o":0,"c":null,"n":"Pasqua","p":true},{"k":"e","o":1,"c":null,"n":"Lunedì dell'Angelo","p":true},{"k":"f","d":25,"m":4,"c":null,"n":"Anniversario della Liberazione","p":true},{"k":"f","d":1,"m":5,"c":null,"n":"Festa del Lavoro","p":true},{"k":"f","d":2,"m":6,"c":"year>=2001","n":"Festa della Repubblica","p":true},{"k":"f","d":15,"m":8,"c":null,"n":"Ferragosto","p":true},{"k":"f","d":4,"m":10,"c":"year>=2026","n":"San Francesco","p":true},{"k":"f","d":1,"m":11,"c":null,"n":"Ognissanti","p":true},{"k":"f","d":8,"m":12,"c":null,"n":"Immacolata Concezione","p":true},{"k":"f","d":25,"m":12,"c":null,"n":"Natale","p":true},{"k":"f","d":26,"m":12,"c":null,"n":"Santo Stefano","p":true},{"k":"f","d":19,"m":3,"c":null,"n":"San Giuseppe","p":false},{"k":"e","o":-52,"c":null,"n":"Giovedì Grasso","p":false},{"k":"e","o":-47,"c":null,"n":"Martedì Grasso","p":false},{"k":"e","o":-46,"c":null,"n":"Mercoledì delle Ceneri","p":false},{"k":"e","o":-42,"c":null,"n":"Prima di Quaresima","p":false},{"k":"e","o":-35,"c":null,"n":"Seconda di Quaresima","p":false},{"k":"e","o":-28,"c":null,"n":"Terza di Quaresima","p":false},{"k":"e","o":-21,"c":null,"n":"Quarta di Quaresima","p":false},{"k":"e","o":-14,"c":null,"n":"Quinta di Quaresima","p":false},{"k":"e","o":-7,"c":null,"n":"Domenica delle Palme","p":false},{"k":"e","o":39,"c":null,"n":"Ascensione (data tradizionale)","p":false},{"k":"e","o":0,"c":null,"n":"Ascensione (Chiesa Cattolica)","p":false},{"k":"e","o":49,"c":null,"n":"Pentecoste","p":false},{"k":"e","o":56,"c":null,"n":"Santissima Trinità","p":false},{"k":"e","o":63,"c":null,"n":"Corpus Domini","p":false},{"k":"e","o":68,"c":null,"n":"Sacro Cuore di Gesù","p":false},{"k":"f","d":29,"m":6,"c":null,"n":"Santi Pietro e Paolo","p":false},{"k":"f","d":4,"m":10,"c":"year<2026","n":"San Francesco","p":false},{"k":"f","d":2,"m":11,"c":null,"n":"Defunti","p":false},{"k":"r","raw":"sunday before 24 december minus 21 days","c":null,"n":"Prima d'avvento","p":false},{"k":"r","raw":"sunday before 24 december minus 14 days","c":null,"n":"Seconda d'avvento","p":false},{"k":"r","raw":"sunday before 24 december minus 7 days","c":null,"n":"Terza d'avvento","p":false},{"k":"r","raw":"sunday before 24 december","c":null,"n":"Quarta d'avvento","p":false},{"k":"f","d":31,"m":12,"c":null,"n":"San Silvestro","p":false},{"k":"f","d":8,"m":3,"c":null,"n":"Festa della donna","p":false},{"k":"r","raw":"last sunday in march","c":null,"n":"Passaggio all'ora legale","p":false},{"k":"r","raw":"last sunday in october","c":null,"n":"Passaggio all'ora solare","p":false},{"k":"f","d":27,"m":1,"c":null,"n":"Giornata della Memoria","p":false},{"k":"f","d":10,"m":2,"c":null,"n":"Giornata del Ricordo","p":false},{"k":"f","d":4,"m":11,"c":null,"n":"Festa dell'Unità nazionale","p":false},{"k":"f","d":2,"m":6,"c":"year<2001","n":"Festa della Repubblica","p":false}],"sm":[{"k":"f","d":1,"m":1,"c":null,"n":"Capodanno","p":true},{"k":"f","d":6,"m":1,"c":null,"n":"Epifania","p":true},{"k":"e","o":0,"c":null,"n":"Pasqua","p":true},{"k":"e","o":1,"c":null,"n":"Lunedì dell'Angelo","p":true},{"k":"f","d":5,"m":2,"c":null,"n":"Festa di Sant'Agata","p":true},{"k":"f","d":25,"m":3,"c":null,"n":"Anniversario Arengo - Festa delle Milizie","p":true},{"k":"f","d":1,"m":4,"c":null,"n":"Ingresso Eccellentissimi Capitani Reggenti","p":true},{"k":"f","d":1,"m":5,"c":null,"n":"Festa del Lavoro","p":true},{"k":"f","d":28,"m":7,"c":null,"n":"Caduta governo Fascista","p":true},{"k":"f","d":15,"m":8,"c":null,"n":"Ferragosto","p":true},{"k":"f","d":3,"m":9,"c":null,"n":"Festa della Repubblica - Santo Patrono","p":true},{"k":"f","d":1,"m":10,"c":null,"n":"Ingresso Eccellentissimi Capitani Reggenti","p":true},{"k":"f","d":1,"m":11,"c":null,"n":"Ognissanti","p":false},{"k":"f","d":2,"m":11,"c":null,"n":"Commemorazione dei defunti","p":true},{"k":"f","d":8,"m":12,"c":null,"n":"Immacolata Concezione","p":false},{"k":"f","d":25,"m":12,"c":null,"n":"Natale","p":false},{"k":"f","d":26,"m":12,"c":null,"n":"Santo Stefano","p":false},{"k":"f","d":19,"m":3,"c":null,"n":"San Giuseppe","p":false},{"k":"e","o":-52,"c":null,"n":"Giovedì Grasso","p":false},{"k":"e","o":-47,"c":null,"n":"Martedì Grasso","p":false},{"k":"e","o":-46,"c":null,"n":"Mercoledì delle Ceneri","p":false},{"k":"e","o":-42,"c":null,"n":"Prima di Quaresima","p":false},{"k":"e","o":-35,"c":null,"n":"Seconda di Quaresima","p":false},{"k":"e","o":-28,"c":null,"n":"Terza di Quaresima","p":false},{"k":"e","o":-21,"c":null,"n":"Quarta di Quaresima","p":false},{"k":"e","o":-14,"c":null,"n":"Quinta di Quaresima","p":false},{"k":"e","o":-7,"c":null,"n":"Domenica delle Palme","p":false},{"k":"e","o":39,"c":null,"n":"Ascensione","p":false},{"k":"e","o":49,"c":null,"n":"Pentecoste","p":false},{"k":"e","o":56,"c":null,"n":"Santissima Trinità","p":false},{"k":"e","o":63,"c":null,"n":"Corpus Domini","p":true},{"k":"e","o":68,"c":null,"n":"Sacro Cuore di Gesù","p":false},{"k":"f","d":29,"m":6,"c":null,"n":"Santi Pietro e Paolo","p":false},{"k":"f","d":4,"m":10,"c":null,"n":"San Francesco","p":false},{"k":"f","d":2,"m":11,"c":null,"n":"Defunti","p":false},{"k":"r","raw":"sunday before 24 december minus 21 days","c":null,"n":"Prima d'avvento","p":false},{"k":"r","raw":"sunday before 24 december minus 14 days","c":null,"n":"Seconda d'avvento","p":false},{"k":"r","raw":"sunday before 24 december minus 7 days","c":null,"n":"Terza d'avvento","p":false},{"k":"r","raw":"sunday before 24 december","c":null,"n":"Quarta d'avvento","p":false},{"k":"f","d":31,"m":12,"c":null,"n":"San Silvestro","p":false},{"k":"f","d":27,"m":1,"c":null,"n":"Giornata della Memoria","p":false},{"k":"f","d":10,"m":2,"c":null,"n":"Giornata del Ricordo","p":false},{"k":"f","d":8,"m":3,"c":null,"n":"Festa della donna","p":false},{"k":"f","d":4,"m":11,"c":null,"n":"Festa dell'Unità nazionale","p":false},{"k":"r","raw":"last sunday in march","c":null,"n":"Passaggio all'ora legale","p":false},{"k":"r","raw":"last sunday in october","c":null,"n":"Passaggio all'ora solare","p":false}]}}