{"regions":{"be":[{"k":"f","d":1,"m":1,"c":null,"n":"Nieuwjaar","p":true},{"k":"e","o":0,"c":null,"n":"Pasen - Feestdag","p":true},{"k":"e","o":1,"c":null,"n":"Paasmaandag","p":true},{"k":"f","d":1,"m":5,"c":null,"n":"Feest van de Arbeid","p":true},{"k":"e","o":39,"c":null,"n":"Hemelvaart","p":true},{"k":"e","o":49,"c":null,"n":"Pinksteren","p":true},{"k":"f","d":21,"m":7,"c":null,"n":"Nationale feestdag","p":true},{"k":"f","d":15,"m":8,"c":null,"n":"OLV Hemelvaart","p":true},{"k":"f","d":1,"m":11,"c":null,"n":"Allerheiligen","p":true},{"k":"f","d":11,"m":11,"c":null,"n":"Wapenstilstand","p":true},{"k":"f","d":25,"m":12,"c":null,"n":"Kerstmis","p":true},{"k":"f","d":6,"m":1,"c":null,"n":"Driekoningen","p":false},{"k":"e","o":-47,"c":null,"n":"Vastenavond","p":false},{"k":"e","o":-46,"c":null,"n":"Aswoensdag","p":false},{"k":"e","o":-7,"c":null,"n":"Palmzondag","p":false},{"k":"e","o":-3,"c":null,"n":"Witte Donderdag","p":false},{"k":"e","o":-2,"c":null,"n":"Goede Vrijdag","p":false},{"k":"f","d":6,"m":12,"c":null,"n":"Sinterklaas","p":false},{"k":"r","raw":"every second sunday in may","c":null,"n":"Moederdag","p":false},{"k":"r","raw":"every second sunday in june","c":null,"n":"Vaderdag","p":false},{"k":"f","d":11,"m":7,"c":null,"n":"Vlaamse Gemeenschap feestdag","p":false},{"k":"f","d":27,"m":9,"c":null,"n":"Franse Gemeenschap feestdag","p":false},{"k":"r","raw":"every third sunday in september","c":null,"n":"Waalse feesten","p":false},{"k":"f","d":15,"m":11,"c":null,"n":"Duitstalige Gemeenschap feestdag","p":false},{"k":"f","d":2,"m":2,"c":null,"n":"Lichtmis","p":false},{"k":"f","d":2,"m":11,"c":null,"n":"Allerzielen","p":false},{"k":"f","d":26,"m":12,"c":null,"n":"Tweede kerstdag","p":false},{"k":"f","d":31,"m":12,"c":null,"n":"Oudjaar","p":false}],"nl":[{"k":"f","d":1,"m":1,"c":null,"n":"Nieuwjaar","p":true},{"k":"e","o":0,"c":null,"n":"Pasen","p":true},{"k":"e","o":39,"c":null,"n":"Hemelvaart","p":true},{"k":"e","o":49,"c":null,"n":"Pinksteren","p":true},{"k":"unknown","raw":"((year >= 1980 && year <= 2013) ?","n":"Koninginnedag","p":true},{"k":"unknown","raw":"((year >= 2014) ?","n":"Koningsdag","p":true},{"k":"f","d":25,"m":12,"c":null,"n":"Kerstmis","p":true},{"k":"f","d":6,"m":1,"c":null,"n":"Driekoningen","p":false},{"k":"e","o":-47,"c":null,"n":"Vastenavond","p":false},{"k":"e","o":-46,"c":null,"n":"Aswoensdag","p":false},{"k":"e","o":-7,"c":null,"n":"Palmzondag","p":false},{"k":"e","o":-3,"c":null,"n":"Witte Donderdag","p":false},{"k":"e","o":-2,"c":null,"n":"Goede Vrijdag","p":false},{"k":"f","d":31,"m":10,"c":null,"n":"Hervormingsdag","p":false},{"k":"f","d":1,"m":11,"c":null,"n":"Allerheiligen","p":false},{"k":"f","d":2,"m":11,"c":null,"n":"Allerzielen","p":false},{"k":"r","raw":"every second sunday in may","c":null,"n":"Moederdag","p":false},{"k":"r","raw":"every third sunday in june","c":null,"n":"Vaderdag","p":false},{"k":"f","d":31,"m":12,"c":null,"n":"Oudjaar","p":false},{"k":"r","raw":"last sunday in march","c":null,"n":"Zomertijd","p":false},{"k":"r","raw":"last sunday in october","c":null,"n":"Wintertijd","p":false},{"k":"f","d":4,"m":5,"c":null,"n":"Dodenherdenking","p":false},{"k":"f","d":5,"m":5,"c":null,"n":"Bevrijdingsdag","p":false},{"k":"f","d":4,"m":10,"c":null,"n":"Dierendag","p":false}]}}